Workbook
Name country_name: Inputs!$B$5
Name initial_debt_to_gdp: Inputs!$B$6
Name country_profile_table: Inputs!$A$10:$C$12
Name growth_baseline: Inputs!$C$16:$G$16
Name interest_baseline: Inputs!$C$17:$G$17
Name primary_balance_baseline: Inputs!$C$18:$G$18
Name shock_year: Inputs!$B$21
Name shock_type: Inputs!$B$22
Name shock_table: Inputs!$B$26:$D$26
Name shock_magnitude_resolved: Engine!$B$9
Name baseline_path: Engine!$C$6:$G$6
Name shocked_path: Engine!$C$20:$G$20
Name output_baseline: Outputs!$B$12:$F$12
Name output_shocked: Outputs!$B$13:$F$13
Name output_delta: Outputs!$B$14:$F$14

Sheet Inputs
A1: TINY-DSA — INPUTS
A2: Tiny Debt Dynamics, version 0.2.0. All user-editable parameters.
A4: COUNTRY SELECTOR
A5: Country name | B5: Borvelia
A6: Initial debt-to-GDP (% of GDP) | B6: =INDEX($A$10:$C$12,MATCH($B$5,$A$10:$A$12,0),2)
A8: COUNTRY PROFILE TABLE (lookup data)
A9: Country | B9: Initial debt (% of GDP) | C9: Description
A10: Borvelia | B10: 60 | C10: stylized emerging market
A11: Litellia | B11: 80 | C11: stylized HIPC
A12: Aurelium | B12: 40 | C12: stylized advanced economy
A14: BASELINE PARAMETERS
A15: Year | C15: 1 | D15: 2 | E15: 3 | F15: 4 | G15: 5
A16: Real GDP growth (% per annum) | C16: 3.5 | D16: 3.5 | E16: 3.5 | F16: 3.5 | G16: 3.5
A17: Real interest rate (% per annum) | C17: 4 | D17: 4 | E17: 4 | F17: 4 | G17: 4
A18: Primary balance (% of GDP) | C18: -1 | D18: -0.5 | E18: 0 | F18: 0.5 | G18: 1
A20: SHOCK CONFIGURATION
A21: Shock year (integer, 1 to 5) | B21: 2
A22: Shock type (1=growth, 2=interest, 3=primary balance) | B22: 1
A24: SHOCK TABLE (lookup by shock type, in percentage points)
A25: Shock type | B25: Growth (pp) | C25: Interest (pp) | D25: Primary balance (pp)
A26: Magnitude | B26: -2 | C26: 2 | D26: -1

Sheet Engine
A1: TINY-DSA — ENGINE
A2: All references read from the Inputs sheet. Outputs are exposed on the Outputs sheet.
A4: BASELINE PATH
A5: Year | B5: 0 | C5: 1 | D5: 2 | E5: 3 | F5: 4 | G5: 5
A6: Debt-to-GDP (%) | B6: =Inputs!B6 | C6: =B6*(1+Inputs!C17/100)/(1+Inputs!C16/100)-Inputs!C18 | D6: =C6*(1+Inputs!D17/100)/(1+Inputs!D16/100)-Inputs!D18 | E6: =D6*(1+Inputs!E17/100)/(1+Inputs!E16/100)-Inputs!E18 | F6: =E6*(1+Inputs!F17/100)/(1+Inputs!F16/100)-Inputs!F18 | G6: =F6*(1+Inputs!G17/100)/(1+Inputs!G16/100)-Inputs!G18
A8: SHOCK ACTIVATION
A9: Shock magnitude (pp), via OFFSET on shock_type | B9: =OFFSET(Inputs!$B$26,0,Inputs!$B$22-1)
A10: Shock active (1 if year >= shock_year, else 0) | C10: =IF(C5>=Inputs!$B$21,1,0) | D10: =IF(D5>=Inputs!$B$21,1,0) | E10: =IF(E5>=Inputs!$B$21,1,0) | F10: =IF(F5>=Inputs!$B$21,1,0) | G10: =IF(G5>=Inputs!$B$21,1,0)
A12: SHOCKED PARAMETERS
A13: Year | C13: 1 | D13: 2 | E13: 3 | F13: 4 | G13: 5
A14: Real GDP growth, shocked (%) | C14: =Inputs!C16+CHOOSE(Inputs!$B$22,$B$9,0,0)*C10 | D14: =Inputs!D16+CHOOSE(Inputs!$B$22,$B$9,0,0)*D10 | E14: =Inputs!E16+CHOOSE(Inputs!$B$22,$B$9,0,0)*E10 | F14: =Inputs!F16+CHOOSE(Inputs!$B$22,$B$9,0,0)*F10 | G14: =Inputs!G16+CHOOSE(Inputs!$B$22,$B$9,0,0)*G10
A15: Real interest rate, shocked (%) | C15: =Inputs!C17+CHOOSE(Inputs!$B$22,0,$B$9,0)*C10 | D15: =Inputs!D17+CHOOSE(Inputs!$B$22,0,$B$9,0)*D10 | E15: =Inputs!E17+CHOOSE(Inputs!$B$22,0,$B$9,0)*E10 | F15: =Inputs!F17+CHOOSE(Inputs!$B$22,0,$B$9,0)*F10 | G15: =Inputs!G17+CHOOSE(Inputs!$B$22,0,$B$9,0)*G10
A16: Primary balance, shocked (% of GDP) | C16: =Inputs!C18+CHOOSE(Inputs!$B$22,0,0,$B$9)*C10 | D16: =Inputs!D18+CHOOSE(Inputs!$B$22,0,0,$B$9)*D10 | E16: =Inputs!E18+CHOOSE(Inputs!$B$22,0,0,$B$9)*E10 | F16: =Inputs!F18+CHOOSE(Inputs!$B$22,0,0,$B$9)*F10 | G16: =Inputs!G18+CHOOSE(Inputs!$B$22,0,0,$B$9)*G10
A18: SHOCKED PATH
A19: Year | B19: 0 | C19: 1 | D19: 2 | E19: 3 | F19: 4 | G19: 5
A20: Debt-to-GDP (%) | B20: =Inputs!B6 | C20: =B20*(1+C15/100)/(1+C14/100)-C16 | D20: =C20*(1+D15/100)/(1+D14/100)-D16 | E20: =D20*(1+E15/100)/(1+E14/100)-E16 | F20: =E20*(1+F15/100)/(1+F14/100)-F16 | G20: =F20*(1+G15/100)/(1+G14/100)-G16

Sheet Outputs
A1: TINY-DSA — OUTPUTS
A2: Comparison: baseline vs shocked debt-to-GDP trajectory.
A4: SUMMARY
A5: Country | B5: =Inputs!B5
A6: Initial debt (% of GDP) | B6: =Inputs!B6
A7: Shock year | B7: =Inputs!B21
A8: Shock type (1=growth, 2=interest, 3=primary balance) | B8: =Inputs!B22
A10: DEBT-TO-GDP TRAJECTORY
A11: Year | B11: 1 | C11: 2 | D11: 3 | E11: 4 | F11: 5
A12: Baseline (% of GDP) | B12: =Engine!C6 | C12: =Engine!D6 | D12: =Engine!E6 | E12: =Engine!F6 | F12: =Engine!G6
A13: Shocked (% of GDP) | B13: =Engine!C20 | C13: =Engine!D20 | D13: =Engine!E20 | E13: =Engine!F20 | F13: =Engine!G20
A14: Delta (shocked − baseline, pp) | B14: =B13-B12 | C14: =C13-C12 | D14: =D13-D12 | E14: =E13-E12 | F14: =F13-F12
